{
  "replace": false,
  "values": [
	"#sereneseasons:year_round_crops",
	"minecraft:birch_sapling",
	"minecraft:spruce_sapling",
	"minecraft:cherry_sapling",
	"minecraft:azalea",
	"minecraft:flowering_azalea",
	"minecraft:sweet_berry_bush",
	"minecraft:bamboo",
	"minecraft:bamboo_sapling",
	"minecraft:carrots",
	"minecraft:potatoes",
    {
      "id": "autumnity:red_maple_sapling",
      "required": false
    },
    {
      "id": "atmospheric:laurel_sapling",
      "required": false
    },
    {
      "id": "atmospheric:aspen_sapling",
      "required": false
    },
    {
      "id": "atmospheric:green_aspen_sapling",
      "required": false
    },
    {
      "id": "atmospheric:laurel_sapling",
      "required": false
    },
    {
      "id": "atmospheric:dry_laurel_sapling",
      "required": false
    },
    {
      "id": "atmospheric:kousa_sapling",
      "required": false
    },
    {
      "id": "atmospheric:currant_seedling",
      "required": false
    },
    {
      "id": "ecologics:coconut_seedling",
      "required": false
    },
    {
      "id": "neapolitan:mint",
      "required": false
    },
    {
      "id": "neapolitan:adzuki_soil",
      "required": false
    }
  ]
}