{
  "replace": false,
  "values": [
	"#sereneseasons:year_round_crops",
	"minecraft:jungle_sapling",
	"minecraft:acacia_sapling",
	"minecraft:mangrove_leaves",
	"minecraft:mangrove_propagule",
	"minecraft:azalea",
	"minecraft:flowering_azalea",
	"minecraft:bamboo",
	"minecraft:bamboo_sapling",
	"minecraft:cactus",
	"minecraft:sugar_cane",
	"minecraft:wheat",
	"minecraft:melon_stem",
	"minecraft:cocoa",
	"minecraft:torchflower_crop",
	"minecraft:pitcher_crop",
    {
      "id": "atmospheric:yucca_sapling",
      "required": false
    },
    {
      "id": "atmospheric:rosewood_sapling",
      "required": false
    },
    {
      "id": "atmospheric:morado_sapling",
      "required": false
    },
    {
      "id": "atmospheric:laurel_sapling",
      "required": false
    },
    {
      "id": "atmospheric:dry_laurel_sapling",
      "required": false
    },
    {
      "id": "atmospheric:green_aspen_sapling",
      "required": false
    },
    {
      "id": "autumnity:yellow_maple_sapling",
      "required": false
    },
    {
      "id": "ecologics:walnut_sapling",
      "required": false
    },
    {
      "id": "ecologics:coconut_seedling",
      "required": false
    },
    {
      "id": "neapolitan:banana_frond",
      "required": false
    },
    {
      "id": "neapolitan:vanilla_vine",
      "required": false
    },
    {
      "id": "neapolitan:strawberry_bush",
      "required": false
    },
    {
      "id": "neapolitan:adzuki_soil",
      "required": false
    }
  ]
}