{
  "replace": false,
  "values": [
	"#sereneseasons:year_round_crops",
	"minecraft:spruce_sapling",
	"minecraft:sweet_berry_bush",
    {
      "id": "autumnity:red_maple_sapling",
      "required": false
    },
    {
      "id": "autumnity:foul_berry_bush",
      "required": false
    },
    {
      "id": "atmospheric:kousa_sapling",
      "required": false
    },
    {
      "id": "atmospheric:currant_seedling",
      "required": false
    },
    {
      "id": "vanillabackport:pale_oak_sapling",
      "required": false
    },
    {
      "id": "neapolitan:mint",
      "required": false
    }
  ]
}