{
  "replace": false,
  "values": [
    {
      "id": "clifftree:diorite_shore",
      "required": false
    },
    {
      "id": "clifftree:granite_shore",
      "required": false
    },
    {
      "id": "clifftree:diorite_shore",
      "required": false
    },
    {
      "id": "clifftree:gravelly_beach",
      "required": false
    },
    {
      "id": "clifftree:snowy_diorite_shore",
      "required": false
    },
    {
      "id": "clifftree:temperate_beach",
      "required": false
    },
    {
      "id": "clifftree:desert_cliff",
      "required": false
    },
    {
      "id": "clifftree:glacier_cliff",
      "required": false
    }
  ]
}