{
  "replace": false,
  "values": [
    {
      "id": "autumnity:red_maple_sapling",
      "required": false
    },
    {
      "id": "atmospheric:laurel_sapling",
      "required": false
    },
    {
      "id": "atmospheric:aspen_sapling",
      "required": false
    },
    {
      "id": "atmospheric:green_aspen_sapling",
      "required": false
    },
    {
      "id": "atmospheric:laurel_sapling",
      "required": false
    },
    {
      "id": "atmospheric:dry_laurel_sapling",
      "required": false
    },
    {
      "id": "atmospheric:kousa_sapling",
      "required": false
    },
    {
      "id": "atmospheric:currant_seedling",
      "required": false
    },
    {
      "id": "ecologics:coconut_seedling",
      "required": false
    },
    {
      "id": "berry_good:sweet_berry_pips",
      "required": false
    },
    {
      "id": "neapolitan:mint_sprout",
      "required": false
    },
    {
      "id": "neapolitan:adzuki_beans",
      "required": false
    }
  ]
}