{
  "replace": false,
  "values": [
    {
      "id": "atmospheric:yucca_sapling",
      "required": false
    },
    {
      "id": "atmospheric:rosewood_sapling",
      "required": false
    },
    {
      "id": "atmospheric:morado_sapling",
      "required": false
    },
    {
      "id": "atmospheric:laurel_sapling",
      "required": false
    },
    {
      "id": "atmospheric:dry_laurel_sapling",
      "required": false
    },
    {
      "id": "atmospheric:green_aspen_sapling",
      "required": false
    },
    {
      "id": "autumnity:yellow_maple_sapling",
      "required": false
    },
    {
      "id": "ecologics:walnut_sapling",
      "required": false
    },
    {
      "id": "ecologics:coconut_seedling",
      "required": false
    },
    {
      "id": "neapolitan:banana_frond",
      "required": false
    },
    {
      "id": "neapolitan:vanilla_pods",
      "required": false
    },
    {
      "id": "neapolitan:strawberry_pips",
      "required": false
    },
    {
      "id": "neapolitan:adzuki_beans",
      "required": false
    }
  ]
}